freq, unknown1, unknown2, unknown3
1,0.00044727325439453125,0.007702328264713287,0.002626068890094757
2,0.0020923130214214325,0.001814432442188263,0.001436350867152214
3,0.1740168035030365,0.02008015103638172,0.02008015103638172
4,0.0030449330806732178,0.0032143965363502502,0.003247782588005066
5,0.01319894939661026,0.006816446781158447,0.022334381937980652
