freq,abbott,unknown1,unknown2,unknown3
1,08.244488,07.659647,09.2548974,10.014216
2,06.515868,06.871477,06.2185615,05.66588
3,11.744703,12.696128,10.50408,10.050855
4,06.714918,08.2062416,05.7428993,05.9047677
5,07.649173,11.1954324,14.947647,14.327379
6,13.478255,09.5019646,07.180524,07.852505