freq,abbott,shelley,dickens
1,09.46804,07.756892,08.1898294
2,03.0357495,03.7609607,02.7547827
3,09.961549,07.9789676,11.376968
4,11.384052,11.023554,09.921892