freq,stevenson,unknown6
1,07.9748526,09.736411
2,05.991432,07.636733
3,11.01668,13.292319
4,05.3355835,07.5690016
5,07.439425,10.949935
6,11.9412795,07.54078